<?xml version="1.0" encoding="UTF-8"?>
<project-private xmlns="http://www.netbeans.org/ns/project-private/1">
    <editor-bookmarks xmlns="http://www.netbeans.org/ns/editor-bookmarks/2" lastBookmarkId="0"/>
    <open-files xmlns="http://www.netbeans.org/ns/projectui-open-files/2">
        <group>
            <file>file:/C:/Users/ASUS/Documents/NetBeansProjects/pos%20pro/src/pos/pro/customer.java</file>
            <file>file:/C:/Users/ASUS/Documents/NetBeansProjects/pos%20pro/src/pos/pro/product.java</file>
            <file>file:/C:/Users/ASUS/Documents/NetBeansProjects/pos%20pro/src/pos/pro/reports.java</file>
            <file>file:/C:/Users/ASUS/Documents/NetBeansProjects/pos%20pro/src/pos/pro/employee.java</file>
            <file>file:/C:/Users/ASUS/Documents/NetBeansProjects/pos%20pro/src/pos/pro/Home.java</file>
            <file>file:/C:/Users/ASUS/Documents/NetBeansProjects/pos%20pro/src/pos/pro/sale.java</file>
            <file>file:/C:/Users/ASUS/Documents/NetBeansProjects/pos%20pro/src/pos/pro/ReportView.java</file>
            <file>file:/C:/Users/ASUS/Documents/NetBeansProjects/pos%20pro/src/pos/pro/db.java</file>
        </group>
    </open-files>
</project-private>
